Metric,Baseline,Optimized,Improvement
Context Precision,0.13888888887499998,0.027777777774999998,-80.0
Context Recall,0.3888888888888889,0.08333333333333333,-78.57142857142858
Faithfulness,0.5062437562437562,0.08333333333333333,-83.53889162966618
Answer Relevancy,0.9314539901691137,0.9461939710779593,1.5824701020572662
